tput,skew0,skew50,skew99
666.3333333333334,34.81,35.04,36.49
963.1,36.90,35.55,37.44
1167.0666666666666,43.16,42.05,42.02
1259.9,27.16,46.70,46.61
